{
  "meta": {
    "timestamp": "2025-08-01T17:09:00.828Z"
  },
  "content": {
    "totalOrbitChainsOnMainnet": 44,
    "medianFeePerOrbitTransaction": 8.68996818928328e-7,
    "totalWalletsConnectedToOrbitChains": 74949866,
    "totalAmountBridgedToOrbit": 17746665667.853706,
    "totalOrbitDevelopers": 172998,
    "totalActiveWallets": 54699553,
    "averageTxnsPerDayThisMonth": 2931633,
    "cheaperThanEthFactor": 92.96107829584271,
    "orbitChainsTvl": {
      "arbitrum-one": 17231309107.2,
      "gravity-chain": 68056656.4,
      "plume": 113513579.6,
      "apechain": 10513802,
      "arbitrum-nova": 36209660.734375,
      "pop-apex": 998495.2625,
      "winr": 1925009.7875,
      "superposition": 1512454.6375,
      "edu-chain": 36340831.63046875,
      "aleph-zero": 237913.2,
      "pop-boss": 391246.0875,
      "degen": 1371407.5651367188,
      "corn": 77825958.4,
      "sanko": 4866998.57109375,
      "alienx-chain": 666879.325,
      "sx-network": 75692705.6,
      "reya": 16118826.1125,
      "real": 108743.5798828125,
      "kinto": 2500736.5015625,
      "everclear": 1917958.853125,
      "total": 17746665667.853706,
      "chain_count": 44,
      "forta": 668.6219970703125,
      "appchain": 166512.40625,
      "g7": 12831189.7359375,
      "ebi-xyz": 83828.721875,
      "fluence": 1946292.375,
      "edgeless-network": 43029.24453125,
      "xchain": 64599.48129882813,
      "henez": 5898.669921875,
      "oev": 39014125.425,
      "huddle01": 11269.2220703125,
      "l3x": 5335.0619445800785,
      "pmon": 532.5699951171875,
      "xai": 2431396.8,
      "rari-mainnet": 3328719.5953125,
      "cheese": 9985.5298828125,
      "onyx": 97228.6578125,
      "lasernet": 3414899.85,
      "molten-network": 37741.80078125,
      "powerloom": 191663.196875,
      "hytopia": 849697.775,
      "deri": 21245.469921875,
      "muster": 30836.594140625
    }
  }
}
